,n_estimators,min_samples_split,min_samples_leaf,max_samples,max_depth,bootstrap,auc,f1,sensitivity,specificity,accuracy
Outer 0,178,7,4,0.7181568657234525,17,True,0.7339541907878178,0.16666666666666663,0.10344827586206896,0.9708029197080292,0.8192771084337349
Outer 1,97,3,1,0.9371256772472264,30,True,0.7606342813994462,0.16666666666666663,0.10344827586206896,0.9708029197080292,0.8192771084337349
